{"n_matched": 106, "n_areas": 30, "n_quarters": 11, "feature_basis": "percentile", "response": "relative_index", "place_features": ["vehicle_crime_pct", "deprivation_pct", "aadf_intensity_pct"], "composition_features": ["young_driver_share_pct", "cars_per_household_pct"], "r_squared": 0.9167652333084342, "adj_r_squared": 0.9117207019937938, "ridge_cv": {"cv_r_squared_mean": 0.8871818609547726, "cv_r_squared_std": 0.038975180054773406, "ridge_alpha": 2.3357214690901213, "cv_folds": 5}, "leave_one_area_out": {"mae_gbp": 88.76678219226368, "n_predictions": 106}, "spearman_pred_vs_actual": {"rho": 0.9679992143962765, "p_value": 2.9099039221121616e-64}, "variance_decomposition": {"place_only_r2": 0.7593583090356304, "composition_only_r2": 0.8835852931748, "full_r2": 0.9154807189858012}, "coefficients": {"const": -0.7243228990563895, "vehicle_crime_pct": 0.0013971592409135012, "deprivation_pct": 0.0033859269494008453, "aadf_intensity_pct": 0.003910830477857516, "young_driver_share_pct": 0.009449583246535935, "cars_per_household_pct": -0.004429323128772949}, "feature_p_values": {"vehicle_crime_pct": 0.08219767104429063, "deprivation_pct": 0.2757506335996468, "aadf_intensity_pct": 0.00960850826733667, "young_driver_share_pct": 6.844164166189297e-09, "cars_per_household_pct": 0.0013103976193399045}, "feature_analysis": {"vehicle_crime_pct": {"bucket": "place", "univariate_r": 0.6877633204719704, "partial_r": 0.20451631650782726, "partial_p": 0.035471008087734804, "vif": 2.299332794659139, "verdict": "keep"}, "deprivation_pct": {"bucket": "place", "univariate_r": 0.6368971245591779, "partial_r": 0.1943913616887014, "partial_p": 0.04585323341632235, "vif": 2.083701152883797, "verdict": "keep"}, "aadf_intensity_pct": {"bucket": "place", "univariate_r": 0.7515260042554381, "partial_r": 0.3759491902092189, "partial_p": 7.143527017981852e-05, "vif": 2.3147258353358278, "verdict": "keep"}, "young_driver_share_pct": {"bucket": "composition", "univariate_r": 0.9288828504913617, "partial_r": 0.5700779714776789, "partial_p": 1.7884516073233369e-10, "vif": 5.476504172329742, "verdict": "keep"}, "cars_per_household_pct": {"bucket": "composition", "univariate_r": -0.8819817900093914, "partial_r": -0.3719953098835088, "partial_p": 8.622965327485003e-05, "vif": 4.828732939894019, "verdict": "keep"}}, "spatial_multiplier_checks": [{"pair": "West Central London vs Rugby (CV)", "predicted_ratio": 1.94}, {"pair": "City of London vs Truro (TR)", "predicted_ratio": 2.42}, {"pair": "East London vs Llandrindod (LD)", "predicted_ratio": 3.25}, {"pair": "Manchester vs Exeter (EX)", "predicted_ratio": 1.84}], "cross_source_agreement": {"moneysupermarket": {"n": 3, "rows": [{"area_name": "London", "quarter": "2026-Q2", "actual_gbp": 817, "predicted_gbp": 747}, {"area_name": "Scotland", "quarter": "2026-Q2", "actual_gbp": 451, "predicted_gbp": 517}, {"area_name": "Wales", "quarter": "2026-Q2", "actual_gbp": 407, "predicted_gbp": 489}], "spearman_pred_vs_actual": {"rho": 1.0, "p_value": 0.0}}}, "national_avg_latest": 558.55}